<?xml version="1.0" encoding="UTF-8"?>
<manifest xsi:schemaLocation="http://www.imsproject.org/xsd/imscp_rootv1p1p2 imscp_rootv1p1p2.xsd http://www.imsglobal.org/xsd/imsmd_rootv1p2p1 imsmd_rootv1p2p1.xsd http://www.adlnet.org/xsd/adlcp_rootv1p2 adlcp_rootv1p2.xsd" identifier="MANIFEST-A2F3004F6186AC9480285D4AEDCD6BAF" xmlns:adlcp="http://www.adlnet.org/xsd/adlcp_rootv1p2" xmlns:xsi="http://www.w3.org/2001/XMLSchema-instance" xmlns:imsmd="http://www.imsglobal.org/xsd/imsmd_rootv1p2p1" xmlns="http://www.imsproject.org/xsd/imscp_rootv1p1p2">
  <organizations default="VishHub">
    <organization identifier="VishHub">
      <title>The Iberian Lynx</title>
      <item identifier="IberianLynx__SCO" identifierref="_IberianLynx__RES" isvisible="true">
        <title>The Iberian Lynx</title>
      </item>
    </organization>
  </organizations>
  <resources>
    <resource identifier="RES-55" type="webcontent" href="excursion.html" adlcp:scormtype="sco">
      <file href="excursion.html"/>
    </resource>
  </resources>
</manifest>
