<?xml version="1.0" encoding="UTF-8"?>
<manifest identifier="SumsMathsActivitiesCA51_27Apr09v2" version="1.1" xmlns="http://www.imsglobal.org/xsd/imscp_v1p1"
xmlns:imsss="http://www.imsglobal.org/xsd/imsss">
<metadata xmlns:adlcp="http://www.adlnet.org/xsd/adlcp_v1p3">
<schema>ADL SCORM</schema>
<schemaversion>2004 3rd Edition</schemaversion>
<adlcp:location>CAM_Metadata.xml</adlcp:location>
</metadata>
<organizations default="Org001">

  <organization identifier="Org001" structure="Hierarchical">

  <title>SUMS Bracket Basics 270409</title>
	<item identifier="bracketbasics.htm" isvisible="true" identifierref="SUMSCalc5bb1">
	<title>Bracket Basics</title>
	<imsss:sequencing>
    <imsss:deliveryControls completionSetByContent="true" objectiveSetByContent="true"/>
	</imsss:sequencing>
	</item>
	<imsss:sequencing>
	<imsss:controlMode flow="true"/>
	</imsss:sequencing>
</organization>

</organizations>
<resources>

<resource adlcp:scormType="sco" identifier="SUMSCalc5bb1" type="webcontent" href="Calculations/Unit5/ca51_bracketbasics/bracketbasics.htm" xmlns:adlcp="http://www.adlnet.org/xsd/adlcp_v1p3">
    <metadata><adlcp:location>Calculations/Unit5/ca51_bracketbasics/bracketbasics.xml</adlcp:location></metadata>
    <file href="Calculations/Unit5/ca51_bracketbasics/bracketbasics.htm"></file> 
    <file href="Calculations/Unit5/ca51_bracketbasics/ca51.swf"></file> 
    <file href="Calculations/Unit5/ca51_bracketbasics/scorm_player.swf"></file>
	<file href="thejs/APIWrapper.js"></file>
  </resource>
</resources>
</manifest>
