<?xml version="1.0" encoding="UTF-8"?>
<manifest identifier="SumsMathsActivitiesSS5_27Apr09v2" version="1.1" xmlns="http://www.imsglobal.org/xsd/imscp_v1p1"
xmlns:imsss="http://www.imsglobal.org/xsd/imsss">
<metadata xmlns:adlcp="http://www.adlnet.org/xsd/adlcp_v1p3">
<schema>ADL SCORM</schema>
<schemaversion>2004 3rd Edition</schemaversion>
<adlcp:location>CAM_Metadata.xml</adlcp:location>
</metadata>
<organizations default="Org001">

<organization identifier="Org001" structure="Hierarchical">

<title>SUMS Fruit Picker 270409</title>
      <item identifier="fruitpicker.htm" isvisible="true" identifierref="SUMSShap4fp1">
        <title>Fruit Picker</title>
	<imsss:sequencing>
    <imsss:deliveryControls completionSetByContent="true" objectiveSetByContent="true"/>
	</imsss:sequencing>
	</item>
	<imsss:sequencing>
	<imsss:controlMode flow="true"/>
	</imsss:sequencing>
</organization>

</organizations>
<resources>

<resource adlcp:scormType="sco" identifier="SUMSShap4fp1" type="webcontent" href="Shape/Unit4/ss41_fruitpicker/fruitpicker.htm" xmlns:adlcp="http://www.adlnet.org/xsd/adlcp_v1p3">
  <metadata>
    <adlcp:location>Shape/Unit4/ss41_fruitpicker/fruitpicker.xml</adlcp:location>
  </metadata>
  <file href="Shape/Unit4/ss41_fruitpicker/fruitpicker.htm"></file> 
  <file href="Shape/Unit4/ss41_fruitpicker/scorm_player.swf"></file> 
  <file href="Shape/Unit4/ss41_fruitpicker/ss41.swf"></file> 
	<file href="thejs/APIWrapper.js"></file> 
</resource>

</resources>
</manifest>
