<?xml version="1.0" encoding="UTF-8"?>
<manifest identifier="SumsMathsActivitiesNU63_27Apr09v2" version="1.1" xmlns="http://www.imsglobal.org/xsd/imscp_v1p1"
xmlns:imsss="http://www.imsglobal.org/xsd/imsss">
<metadata xmlns:adlcp="http://www.adlnet.org/xsd/adlcp_v1p3">
<schema>ADL SCORM</schema>
<schemaversion>2004 3rd Edition</schemaversion>
<adlcp:location>CAM_Metadata.xml</adlcp:location>
</metadata>
<organizations default="Org001">

  <organization identifier="Org001" structure="Hierarchical">

  <title>SUMS Fraction Monkeys 270409</title>
	<item identifier="fractionmonkeys.htm" isvisible="true" identifierref="SUMSNumb6fm1">
	<title>Fraction Monkeys</title>
	<imsss:sequencing>
    <imsss:deliveryControls completionSetByContent="true" objectiveSetByContent="true"/>
	</imsss:sequencing>
	</item>
	<imsss:sequencing>
	<imsss:controlMode flow="true"/>
	</imsss:sequencing>
</organization>

</organizations>
<resources>
<resource adlcp:scormType="sco" identifier="SUMSNumb6fm1" type="webcontent" href="Numbers/Unit6/nu63_fractionmonkeys/fractionmonkeys.htm" xmlns:adlcp="http://www.adlnet.org/xsd/adlcp_v1p3">
    <metadata><adlcp:location>Numbers/Unit6/nu63_fractionmonkeys/fractionmonkeys.xml</adlcp:location></metadata>
    <file href="Numbers/Unit6/nu63_fractionmonkeys/fractionmonkeys.htm"></file> 
    <file href="Numbers/Unit6/nu63_fractionmonkeys/nu63.swf"></file> 
    <file href="Numbers/Unit6/nu63_fractionmonkeys/scorm_player.swf"></file> 
	<file href="thejs/APIWrapper.js"></file> 
  </resource>
</resources>
</manifest>
