﻿<?xml version="1.0" encoding="UTF-8"?><lom xsi:schemaLocation="http://ltsc.ieee.org/xsd/LOM lomStrict.xsd" xmlns:md="http://www.imsglobal.org/xsd/imsmd_rootv1p2p1" xmlns:lom="http://ltsc.ieee.org/xsd/LOM" xmlns="http://ltsc.ieee.org/xsd/LOM" xmlns:xsi="http://www.w3.org/2001/XMLSchema-instance"><!--Generated by transforming IMS 1.2.1 metadata to IEEE LOM 1.0 Metadata--><general><!--General Section--><title><string language="x-none">Hidden Craft</string></title><language>en</language><description><string language="x-none">This Flash-based activity presents a "Battleships" scenario, using co-ordinates to uncover hidden ships in a grid. Contains two levels of difficulty: Easy (6 x 5 square grid with 3 ships), and Harder (12 x 9 grid, 8 ships). Suitable for individual work and whole-class demonstrations.</string></description><keyword><string language="x-none">co-ordinate</string></keyword><keyword><string language="x-none">coordinates</string></keyword><keyword><string language="x-none">quadrant</string></keyword><keyword><string language="x-none">grid</string></keyword><keyword><string language="x-none">battleships</string></keyword><keyword><string language="x-none">plot</string></keyword><keyword><string language="x-none">position</string></keyword><structure>

<source>LOMv1.0</source><value>hierarchical</value></structure></general><lifeCycle><!--Lifecycle Section--><status>


<source>LOMv1.0</source><value>draft</value></status></lifeCycle><metaMetadata><!--Metametadata Section--><identifier><catalog>test</catalog><entry>test 1000</entry></identifier><metadataSchema>LOMv1.0</metadataSchema><metadataSchema>SCORM_CAM_v1.3</metadataSchema><language>en</language></metaMetadata><technical><!--Technical Section--><format>text / html</format><location>hiddencraft</location><!--The following information was removed from a 'type' attribute:--><!--URI--><requirement><orComposite><type><source>LOMv1.0</source><value>browser</value></type><name><source>LOMv1.0</source><value>any</value></name></orComposite></requirement></technical><educational><!--Educational Section--><interactivityType><source>LOMv1.0</source><value>active</value></interactivityType><interactivityLevel><source>LOMv1.0</source><value>medium</value></interactivityLevel><intendedEndUserRole><source>LOMv1.0</source><value>teacher</value></intendedEndUserRole><intendedEndUserRole><source>LOMv1.0</source><value>learner</value></intendedEndUserRole><context><source>LOMv1.0</source><value>school</value></context><typicalLearningTime><duration>PT0H10M0S</duration><description><string language="x-none">0 hours 10 minutes</string></description></typicalLearningTime><language>en</language></educational><rights><!--Rights Section--><cost><source>LOMv1.0</source><value>yes</value></cost><copyrightAndOtherRestrictions><source>LOMv1.0</source><value>yes</value></copyrightAndOtherRestrictions><description><string language="x-none">copyright SUMS ONLINE limited </string></description></rights><relation><!--Relations Section--><kind><source>LOMv1.0</source><value>ispartof</value></kind></relation><annotation><!--Annotation Section--><entity>www.sumsonline.co.uk</entity></annotation><classification><!--Classification Section--><purpose><source>LOMv1.0</source><value>discipline</value></purpose><taxonPath><taxon><id>Ma</id></taxon><source><string language="x-none">NC Metadata Standard: Teaching</string></source></taxonPath></classification><classification><!--Classification Section--><purpose><source>LOMv1.0</source><value>idea</value></purpose><taxonPath><taxon><id>Ma</id></taxon><taxon><id>0084</id></taxon><source><string language="x-none">NC Metadata Standard: Specifier</string></source></taxonPath><keyword><string language="x-none">Resources</string></keyword></classification><classification><!--Classification Section--><purpose><source>LOMv1.0</source><value>idea</value></purpose><taxonPath><taxon><id>Ma</id></taxon><taxon><id>5022</id></taxon><source><string language="x-none">NC Metadata Standard: Specifier</string></source></taxonPath><keyword><string language="x-none">Resources</string></keyword></classification><classification><!--Classification Section--><purpose><source>LOMv1.0</source><value>idea</value></purpose><taxonPath><taxon><id>PA</id></taxon><taxon><id>5001</id></taxon><source><string language="x-none">NC Metadata Standard: Specifier</string></source></taxonPath><keyword><string language="x-none">Resources</string></keyword></classification><classification><!--Classification Section--><purpose><source>LOMv1.0</source><value>idea</value></purpose><taxonPath><taxon><id>PA</id></taxon><taxon><id>5002</id></taxon><source><string language="x-none">NC Metadata Standard: Specifier</string></source></taxonPath><keyword><string language="x-none">Resources</string></keyword></classification><classification><!--Classification Section--><purpose><source>LOMv1.0</source><value>idea</value></purpose><taxonPath><taxon><id>PA</id></taxon><taxon><id>5003</id></taxon><source><string language="x-none">NC Metadata Standard: Specifier</string></source></taxonPath><keyword><string language="x-none">Resources</string></keyword></classification><classification><!--Classification Section--><purpose><source>LOMv1.0</source><value>educational level</value></purpose><taxonPath><taxon><id>KS</id></taxon><taxon><id>2</id></taxon><source><string language="x-none">NC Metadata Standard: Keystage</string></source></taxonPath><keyword><string language="x-none">Resources</string></keyword></classification><classification><!--Classification Section--><taxonPath><taxon><id>SCHOOLYEAR</id></taxon><taxon><id>3</id></taxon><source><string language="x-none">NC Metadata Standard: School Year</string></source></taxonPath></classification><classification><!--Classification Section--><taxonPath><taxon><id>SCHOOLYEAR</id></taxon><taxon><id>4</id></taxon><source><string language="x-none">NC Metadata Standard: School Year</string></source></taxonPath></classification><classification><!--Classification Section--><taxonPath><taxon><id>SCHOOLYEAR</id></taxon><taxon><id>5</id></taxon><source><string language="x-none">NC Metadata Standard: School Year</string></source></taxonPath></classification><classification><!--Classification Section--><purpose><source>LOMv1.0</source><value>educational objective</value></purpose><taxonPath><taxon><id>1999/SKS12Nu</id></taxon><taxon><id>D</id></taxon><taxon><id>5</id></taxon><taxon><id>2</id></taxon><taxon><id>15</id></taxon><source><string language="x-none">RM Framework Definition</string></source></taxonPath></classification><classification><!--Classification Section--><purpose><source>LOMv1.0</source><value>educational objective</value></purpose><taxonPath><taxon><id>1999/SKS12Nu</id></taxon><taxon><id>E</id></taxon><taxon><id>5</id></taxon><taxon><id>2</id></taxon><taxon><id>18</id></taxon><source><string language="x-none">RM Framework Definition</string></source></taxonPath></classification><classification><!--Classification Section--><purpose><source>LOMv1.0</source><value>educational objective</value></purpose><taxonPath><taxon><id>1999/SKS12Nu</id></taxon><taxon><id>F</id></taxon><taxon><id>5</id></taxon><taxon><id>2</id></taxon><taxon><id>18</id></taxon><taxon><id>a</id></taxon><source><string language="x-none">RM Framework Definition</string></source></taxonPath></classification></lom>